{"cameraMode":{"drawMode":0,"name":"Shaded","section":"Shading Mode"},"sceneLighting":false,"audioPlay":false,"sceneViewState":{"showFog":false,"showMaterialUpdate":true,"showSkybox":false,"showFlares":true,"showImageEffects":true,"showParticleSystems":true},"in2DMode":false,"pivot":{"x":-1.0499999523162842,"y":1.0,"z":-4.803249835968018},"rotation":{"x":-0.08172257989645004,"y":0.15394680202007295,"z":-0.01277740579098463,"w":-0.9846155047416687},"size":17.655603408813478,"orthographic":false}